"axp.tool.apkextractor_1","<java.lang.Runtime: java.lang.Runtime getRuntime()>","<axp.tool.apkextractor.MainActivity$3: void onClick(android.content.DialogInterface,int)>",""
"axp.tool.apkextractor_1","<java.net.URL: java.io.InputStream openStream()>","<axp.tool.apkextractor.MainActivity: boolean onCreateOptionsMenu(android.view.Menu)>",""
"axp.tool.apkextractor_1","<java.net.URL: java.io.InputStream openStream()>","<axp.tool.apkextractor.MainActivity$1: void onFocusChange(android.view.View,boolean)>","action_search",""
"axp.tool.apkextractor_1","<java.net.URL: java.io.InputStream openStream()>","<axp.tool.apkextractor.MainActivity: void onCreate(android.os.Bundle)>",""
"axp.tool.apkextractor_1","<java.net.URL: java.io.InputStream openStream()>","<axp.tool.apkextractor.MainActivity: boolean onCreateOptionsMenu(android.view.Menu)>",""
"axp.tool.apkextractor_1","<java.net.URL: java.io.InputStream openStream()>","<axp.tool.apkextractor.MainActivity$1: void onFocusChange(android.view.View,boolean)>","action_search",""
"axp.tool.apkextractor_1","<java.net.URL: java.io.InputStream openStream()>","<axp.tool.apkextractor.MainActivity: void onCreate(android.os.Bundle)>",""
"axp.tool.apkextractor_1","<java.lang.reflect.Method: java.lang.Object invoke(java.lang.Object,java.lang.Object[])>","<axp.tool.apkextractor.MainActivity: void onCreate(android.os.Bundle)>",""
"axp.tool.apkextractor_1","<java.lang.reflect.Method: java.lang.Object invoke(java.lang.Object,java.lang.Object[])>","<axp.tool.apkextractor.MainActivity$1: void onFocusChange(android.view.View,boolean)>","action_search",""
"axp.tool.apkextractor_1","<java.lang.reflect.Method: java.lang.Object invoke(java.lang.Object,java.lang.Object[])>","<axp.tool.apkextractor.MainActivity: boolean onCreateOptionsMenu(android.view.Menu)>",""
"axp.tool.apkextractor_1","<java.lang.reflect.Method: java.lang.Object invoke(java.lang.Object,java.lang.Object[])>","<axp.tool.apkextractor.MainActivity: void onCreate(android.os.Bundle)>",""
"axp.tool.apkextractor_1","<java.lang.reflect.Method: java.lang.Object invoke(java.lang.Object,java.lang.Object[])>","<axp.tool.apkextractor.MainActivity$1: void onFocusChange(android.view.View,boolean)>","action_search",""
"axp.tool.apkextractor_1","<java.lang.reflect.Method: java.lang.Object invoke(java.lang.Object,java.lang.Object[])>","<axp.tool.apkextractor.MainActivity: boolean onCreateOptionsMenu(android.view.Menu)>",""
"axp.tool.apkextractor_1","<java.lang.reflect.Method: java.lang.Object invoke(java.lang.Object,java.lang.Object[])>","<axp.tool.apkextractor.MainActivity: void onCreate(android.os.Bundle)>",""
"axp.tool.apkextractor_1","<java.lang.reflect.Method: java.lang.Object invoke(java.lang.Object,java.lang.Object[])>","<axp.tool.apkextractor.MainActivity$1: void onFocusChange(android.view.View,boolean)>","action_search",""
"axp.tool.apkextractor_1","<java.lang.reflect.Method: java.lang.Object invoke(java.lang.Object,java.lang.Object[])>","<axp.tool.apkextractor.MainActivity: boolean onCreateOptionsMenu(android.view.Menu)>",""
"axp.tool.apkextractor_1","<java.lang.reflect.Method: java.lang.Object invoke(java.lang.Object,java.lang.Object[])>","<axp.tool.apkextractor.MainActivity: void onCreate(android.os.Bundle)>",""
"axp.tool.apkextractor_1","<java.lang.reflect.Method: java.lang.Object invoke(java.lang.Object,java.lang.Object[])>","<axp.tool.apkextractor.MainActivity$1: void onFocusChange(android.view.View,boolean)>","action_search",""
"axp.tool.apkextractor_1","<java.lang.reflect.Method: java.lang.Object invoke(java.lang.Object,java.lang.Object[])>","<axp.tool.apkextractor.MainActivity: boolean onCreateOptionsMenu(android.view.Menu)>",""
"axp.tool.apkextractor_1","<java.lang.reflect.Method: java.lang.Object invoke(java.lang.Object,java.lang.Object[])>","<axp.tool.apkextractor.MainActivity: void onCreate(android.os.Bundle)>",""
"axp.tool.apkextractor_1","<java.lang.reflect.Method: java.lang.Object invoke(java.lang.Object,java.lang.Object[])>","<axp.tool.apkextractor.MainActivity$1: void onFocusChange(android.view.View,boolean)>","action_search",""
"axp.tool.apkextractor_1","<java.lang.reflect.Method: java.lang.Object invoke(java.lang.Object,java.lang.Object[])>","<axp.tool.apkextractor.MainActivity: boolean onCreateOptionsMenu(android.view.Menu)>",""
"axp.tool.apkextractor_1","<java.lang.reflect.Method: java.lang.Object invoke(java.lang.Object,java.lang.Object[])>","<axp.tool.apkextractor.MainActivity: void onCreate(android.os.Bundle)>",""
"axp.tool.apkextractor_1","<java.lang.reflect.Method: java.lang.Object invoke(java.lang.Object,java.lang.Object[])>","<axp.tool.apkextractor.MainActivity$1: void onFocusChange(android.view.View,boolean)>","action_search",""
"axp.tool.apkextractor_1","<java.lang.reflect.Method: java.lang.Object invoke(java.lang.Object,java.lang.Object[])>","<axp.tool.apkextractor.MainActivity: boolean onCreateOptionsMenu(android.view.Menu)>",""
"axp.tool.apkextractor_1","<java.lang.reflect.Method: java.lang.Object invoke(java.lang.Object,java.lang.Object[])>","<axp.tool.apkextractor.MainActivity: void onCreate(android.os.Bundle)>",""
"axp.tool.apkextractor_1","<java.lang.reflect.Method: java.lang.Object invoke(java.lang.Object,java.lang.Object[])>","<axp.tool.apkextractor.MainActivity$1: void onFocusChange(android.view.View,boolean)>","action_search",""
"axp.tool.apkextractor_1","<java.lang.reflect.Method: java.lang.Object invoke(java.lang.Object,java.lang.Object[])>","<axp.tool.apkextractor.MainActivity: boolean onCreateOptionsMenu(android.view.Menu)>",""
"axp.tool.apkextractor_1","<java.lang.reflect.Method: java.lang.Object invoke(java.lang.Object,java.lang.Object[])>","<axp.tool.apkextractor.MainActivity: void onCreate(android.os.Bundle)>",""
"axp.tool.apkextractor_1","<java.lang.reflect.Method: java.lang.Object invoke(java.lang.Object,java.lang.Object[])>","<axp.tool.apkextractor.MainActivity$1: void onFocusChange(android.view.View,boolean)>","action_search",""
"axp.tool.apkextractor_1","<java.lang.reflect.Method: java.lang.Object invoke(java.lang.Object,java.lang.Object[])>","<axp.tool.apkextractor.MainActivity: boolean onCreateOptionsMenu(android.view.Menu)>",""
"axp.tool.apkextractor_1","<java.lang.reflect.Method: java.lang.Object invoke(java.lang.Object,java.lang.Object[])>","<axp.tool.apkextractor.MainActivity: void onCreate(android.os.Bundle)>",""
"axp.tool.apkextractor_1","<java.lang.reflect.Method: java.lang.Object invoke(java.lang.Object,java.lang.Object[])>","<axp.tool.apkextractor.MainActivity$1: void onFocusChange(android.view.View,boolean)>","action_search",""
"axp.tool.apkextractor_1","<java.lang.reflect.Method: java.lang.Object invoke(java.lang.Object,java.lang.Object[])>","<axp.tool.apkextractor.MainActivity: boolean onCreateOptionsMenu(android.view.Menu)>",""
"axp.tool.apkextractor_1","<java.lang.reflect.Method: java.lang.Object invoke(java.lang.Object,java.lang.Object[])>","<axp.tool.apkextractor.MainActivity: void onCreate(android.os.Bundle)>",""
"axp.tool.apkextractor_1","<java.lang.reflect.Method: java.lang.Object invoke(java.lang.Object,java.lang.Object[])>","<axp.tool.apkextractor.MainActivity$1: void onFocusChange(android.view.View,boolean)>","action_search",""
"axp.tool.apkextractor_1","<java.lang.reflect.Method: java.lang.Object invoke(java.lang.Object,java.lang.Object[])>","<axp.tool.apkextractor.MainActivity: boolean onCreateOptionsMenu(android.view.Menu)>",""
"axp.tool.apkextractor_1","<java.lang.reflect.Method: java.lang.Object invoke(java.lang.Object,java.lang.Object[])>","<axp.tool.apkextractor.MainActivity: void onCreate(android.os.Bundle)>",""
"axp.tool.apkextractor_1","<java.lang.reflect.Method: java.lang.Object invoke(java.lang.Object,java.lang.Object[])>","<axp.tool.apkextractor.MainActivity$1: void onFocusChange(android.view.View,boolean)>","action_search",""
"axp.tool.apkextractor_1","<java.lang.reflect.Method: java.lang.Object invoke(java.lang.Object,java.lang.Object[])>","<axp.tool.apkextractor.MainActivity: boolean onCreateOptionsMenu(android.view.Menu)>",""
"axp.tool.apkextractor_1","<java.lang.reflect.Method: java.lang.Object invoke(java.lang.Object,java.lang.Object[])>","<axp.tool.apkextractor.MainActivity: void onCreate(android.os.Bundle)>",""
"axp.tool.apkextractor_1","<java.lang.reflect.Method: java.lang.Object invoke(java.lang.Object,java.lang.Object[])>","<axp.tool.apkextractor.MainActivity$1: void onFocusChange(android.view.View,boolean)>","action_search",""
"axp.tool.apkextractor_1","<java.lang.reflect.Method: java.lang.Object invoke(java.lang.Object,java.lang.Object[])>","<axp.tool.apkextractor.MainActivity: boolean onCreateOptionsMenu(android.view.Menu)>",""
"axp.tool.apkextractor_1","<java.lang.reflect.Method: java.lang.Object invoke(java.lang.Object,java.lang.Object[])>","<axp.tool.apkextractor.MainActivity: void onCreate(android.os.Bundle)>",""
"axp.tool.apkextractor_1","<java.lang.reflect.Method: java.lang.Object invoke(java.lang.Object,java.lang.Object[])>","<axp.tool.apkextractor.MainActivity$1: void onFocusChange(android.view.View,boolean)>","action_search",""
"axp.tool.apkextractor_1","<java.lang.reflect.Method: java.lang.Object invoke(java.lang.Object,java.lang.Object[])>","<axp.tool.apkextractor.MainActivity: boolean onCreateOptionsMenu(android.view.Menu)>",""
"axp.tool.apkextractor_1","<java.lang.reflect.Method: java.lang.Object invoke(java.lang.Object,java.lang.Object[])>","<axp.tool.apkextractor.MainActivity: void onCreate(android.os.Bundle)>",""
"axp.tool.apkextractor_1","<java.lang.reflect.Method: java.lang.Object invoke(java.lang.Object,java.lang.Object[])>","<axp.tool.apkextractor.MainActivity$1: void onFocusChange(android.view.View,boolean)>","action_search",""
"axp.tool.apkextractor_1","<java.lang.reflect.Method: java.lang.Object invoke(java.lang.Object,java.lang.Object[])>","<axp.tool.apkextractor.MainActivity: boolean onCreateOptionsMenu(android.view.Menu)>",""
"axp.tool.apkextractor_1","<java.lang.Runtime: java.lang.Process exec(java.lang.String)>","<axp.tool.apkextractor.MainActivity$3: void onClick(android.content.DialogInterface,int)>",""
"axp.tool.apkextractor_1","<java.net.URL: java.net.URLConnection openConnection()>","<axp.tool.apkextractor.MainActivity: boolean onCreateOptionsMenu(android.view.Menu)>",""
"axp.tool.apkextractor_1","<java.net.URL: java.net.URLConnection openConnection()>","<axp.tool.apkextractor.MainActivity$1: void onFocusChange(android.view.View,boolean)>","action_search",""
"axp.tool.apkextractor_1","<java.net.URL: java.net.URLConnection openConnection()>","<axp.tool.apkextractor.MainActivity: void onCreate(android.os.Bundle)>",""
"axp.tool.apkextractor_1","<java.net.URL: java.net.URLConnection openConnection()>","<axp.tool.apkextractor.MainActivity: boolean onCreateOptionsMenu(android.view.Menu)>",""
"axp.tool.apkextractor_1","<java.net.URL: java.net.URLConnection openConnection()>","<axp.tool.apkextractor.MainActivity$1: void onFocusChange(android.view.View,boolean)>","action_search",""
"axp.tool.apkextractor_1","<java.net.URL: java.net.URLConnection openConnection()>","<axp.tool.apkextractor.MainActivity: void onCreate(android.os.Bundle)>",""
"axp.tool.apkextractor_1","<java.net.URL: java.net.URLConnection openConnection()>","<axp.tool.apkextractor.MainActivity: boolean onCreateOptionsMenu(android.view.Menu)>",""
"axp.tool.apkextractor_1","<java.net.URL: java.net.URLConnection openConnection()>","<axp.tool.apkextractor.MainActivity$1: void onFocusChange(android.view.View,boolean)>","action_search",""
"axp.tool.apkextractor_1","<java.net.URL: java.net.URLConnection openConnection()>","<axp.tool.apkextractor.MainActivity: void onCreate(android.os.Bundle)>",""
"axp.tool.apkextractor_1","<java.net.URL: java.net.URLConnection openConnection()>","<axp.tool.apkextractor.MainActivity: boolean onCreateOptionsMenu(android.view.Menu)>",""
"axp.tool.apkextractor_1","<java.net.URL: java.net.URLConnection openConnection()>","<axp.tool.apkextractor.MainActivity$1: void onFocusChange(android.view.View,boolean)>","action_search",""
"axp.tool.apkextractor_1","<java.net.URL: java.net.URLConnection openConnection()>","<axp.tool.apkextractor.MainActivity: void onCreate(android.os.Bundle)>",""
